{"cameraMode":{"drawMode":0,"name":"Shaded","section":"Shading Mode"},"sceneLighting":false,"audioPlay":false,"sceneViewState":{"m_AlwaysRefresh":false,"showFog":true,"showSkybox":true,"showFlares":true,"showImageEffects":true,"showParticleSystems":true,"showVisualEffectGraphs":true,"m_FxEnabled":false},"in2DMode":false,"pivot":{"x":-0.04269721359014511,"y":1.1518936157226563,"z":-50.340476989746097},"rotation":{"x":0.07488394528627396,"y":-0.039170604199171069,"z":0.002937203273177147,"w":0.9964473843574524},"size":1.0789788961410523,"orthographic":false}