{"cameraMode":{"drawMode":0,"name":"Shaded","section":"Shading Mode"},"sceneLighting":false,"audioPlay":false,"sceneViewState":{"m_AlwaysRefresh":false,"showFog":true,"showSkybox":true,"showFlares":true,"showImageEffects":true,"showParticleSystems":true,"showVisualEffectGraphs":true,"m_FxEnabled":true},"in2DMode":false,"pivot":{"x":1.0279213190078736,"y":1.5754600763320923,"z":-1.716995358467102},"rotation":{"x":-0.008558547124266625,"y":0.9830151796340942,"z":-0.17706121504306794,"w":-0.047515686601400378},"size":1.9478431940078736,"orthographic":false}